<?xml version="1.0" encoding="utf-8" ?>
<dwsync>
<file name="background-variant.less" server="8guild.com" local="130482382080000000" remote="130507536000000000" Dst="2" />
<file name="border-radius.less" server="8guild.com" local="130482382080000000" remote="130507536000000000" Dst="2" />
<file name="buttons.less" server="8guild.com" local="130482382080000000" remote="130507536000000000" Dst="2" />
<file name="center-block.less" server="8guild.com" local="130482382080000000" remote="130507536000000000" Dst="2" />
<file name="clearfix.less" server="8guild.com" local="130482382080000000" remote="130507536000000000" Dst="2" />
<file name="forms.less" server="8guild.com" local="130482382080000000" remote="130507536000000000" Dst="2" />
<file name="gradients.less" server="8guild.com" local="130482382080000000" remote="130507536000000000" Dst="2" />
<file name="grid-framework.less" server="8guild.com" local="130482382080000000" remote="130507536000000000" Dst="2" />
<file name="grid.less" server="8guild.com" local="130482382080000000" remote="130507536000000000" Dst="2" />
<file name="hide-text.less" server="8guild.com" local="130482382080000000" remote="130507536000000000" Dst="2" />
<file name="image.less" server="8guild.com" local="130482382080000000" remote="130507536000000000" Dst="2" />
<file name="labels.less" server="8guild.com" local="130482382080000000" remote="130507536000000000" Dst="2" />
<file name="list-group.less" server="8guild.com" local="130482382080000000" remote="130507536000000000" Dst="2" />
<file name="nav-divider.less" server="8guild.com" local="130482382080000000" remote="130507536000000000" Dst="2" />
<file name="nav-vertical-align.less" server="8guild.com" local="130482382080000000" remote="130507536000000000" Dst="2" />
<file name="opacity.less" server="8guild.com" local="130482382080000000" remote="130507536000000000" Dst="2" />
<file name="pagination.less" server="8guild.com" local="130482382080000000" remote="130507536000000000" Dst="2" />
<file name="panels.less" server="8guild.com" local="130482382080000000" remote="130507536000000000" Dst="2" />
<file name="reset-filter.less" server="8guild.com" local="130482382080000000" remote="130507536000000000" Dst="2" />
<file name="resize.less" server="8guild.com" local="130482382080000000" remote="130507536000000000" Dst="2" />
<file name="responsive-visibility.less" server="8guild.com" local="130482382080000000" remote="130507536000000000" Dst="2" />
<file name="size.less" server="8guild.com" local="130482382080000000" remote="130507536000000000" Dst="2" />
<file name="tab-focus.less" server="8guild.com" local="130482382080000000" remote="130507536000000000" Dst="2" />
<file name="table-row.less" server="8guild.com" local="130482382080000000" remote="130507536000000000" Dst="2" />
<file name="text-emphasis.less" server="8guild.com" local="130482382080000000" remote="130507536000000000" Dst="2" />
<file name="text-overflow.less" server="8guild.com" local="130482382080000000" remote="130507536000000000" Dst="2" />
<file name="vendor-prefixes.less" server="8guild.com" local="130482382080000000" remote="130507536000000000" Dst="2" />
</dwsync>